student_id,firstname,lastname,class,date_of_birth,password,admin_id,email
PES2UG22CS001,Amber,Campbell,M,2005-07-24,myspwd,PES0000000001,PES2UG22CS001@pes.edu
PES2UG22CS002,Charles,Kim,M,2006-08-04,myspwd,PES0000000001,PES2UG22CS002@pes.edu
PES2UG22CS003,Sean,Evans,M,2005-02-16,myspwd,PES0000000001,PES2UG22CS003@pes.edu
PES2UG22CS004,Andrew,Ballard,M,2006-01-28,myspwd,PES0000000001,PES2UG22CS004@pes.edu
PES2UG22CS005,Susan,Peterson,M,2005-10-16,myspwd,PES0000000001,PES2UG22CS005@pes.edu
PES2UG22CS006,Larry,Lucas,M,2005-04-23,myspwd,PES0000000001,PES2UG22CS006@pes.edu
PES2UG22CS007,Amy,Davenport,M,2004-06-09,myspwd,PES0000000001,PES2UG22CS007@pes.edu
PES2UG22CS008,Matthew,Thomas,M,2006-07-01,myspwd,PES0000000001,PES2UG22CS008@pes.edu
PES2UG22CS009,Kristina,Hatfield,M,2005-12-19,myspwd,PES0000000001,PES2UG22CS009@pes.edu
PES2UG22CS010,Jacqueline,Villanueva,M,2004-01-26,myspwd,PES0000000001,PES2UG22CS010@pes.edu
PES2UG22CS011,Kathleen,Cooper,M,2006-09-24,myspwd,PES0000000001,PES2UG22CS011@pes.edu
PES2UG22CS012,Shannon,Williams,M,2005-12-14,myspwd,PES0000000001,PES2UG22CS012@pes.edu
PES2UG22CS013,Michael,Thomas,M,2005-09-02,myspwd,PES0000000001,PES2UG22CS013@pes.edu
PES2UG22CS014,Thomas,Morgan,M,2005-03-12,myspwd,PES0000000001,PES2UG22CS014@pes.edu
PES2UG22CS015,Kimberly,Anderson,M,2006-02-12,myspwd,PES0000000001,PES2UG22CS015@pes.edu
PES2UG22CS016,Jasmine,Hull,M,2004-04-02,myspwd,PES0000000001,PES2UG22CS016@pes.edu
PES2UG22CS017,Jillian,Gomez,M,2005-02-20,myspwd,PES0000000001,PES2UG22CS017@pes.edu
PES2UG22CS018,Ryan,Hernandez,M,2006-01-11,myspwd,PES0000000001,PES2UG22CS018@pes.edu
PES2UG22CS019,Michael,Carter,M,2004-10-18,myspwd,PES0000000001,PES2UG22CS019@pes.edu
PES2UG22CS020,Shawn,Alexander,M,2003-10-31,myspwd,PES0000000001,PES2UG22CS020@pes.edu
PES2UG22CS021,Stephen,Rivera,M,2004-10-09,myspwd,PES0000000001,PES2UG22CS021@pes.edu
PES2UG22CS022,Stephanie,Thompson,M,2005-10-07,myspwd,PES0000000001,PES2UG22CS022@pes.edu
PES2UG22CS023,Thomas,Carr,M,2004-06-04,myspwd,PES0000000001,PES2UG22CS023@pes.edu
PES2UG22CS024,Wesley,Jones,M,2005-05-04,myspwd,PES0000000001,PES2UG22CS024@pes.edu
PES2UG22CS025,Michael,Estes,M,2006-04-10,myspwd,PES0000000001,PES2UG22CS025@pes.edu
PES2UG22CS026,Carrie,Gomez,M,2005-02-03,myspwd,PES0000000001,PES2UG22CS026@pes.edu
PES2UG22CS027,Andrew,Gomez,M,2006-10-04,myspwd,PES0000000001,PES2UG22CS027@pes.edu
PES2UG22CS028,Howard,Schmidt,M,2006-04-04,myspwd,PES0000000001,PES2UG22CS028@pes.edu
PES2UG22CS029,Holly,Brown,M,2006-05-15,myspwd,PES0000000001,PES2UG22CS029@pes.edu
PES2UG22CS030,Stuart,Marsh,M,2006-05-23,myspwd,PES0000000001,PES2UG22CS030@pes.edu
PES2UG22CS031,Margaret,Hicks,M,2004-02-09,myspwd,PES0000000001,PES2UG22CS031@pes.edu
PES2UG22CS032,Timothy,Matthews,M,2004-03-29,myspwd,PES0000000001,PES2UG22CS032@pes.edu
PES2UG22CS033,Amber,Smith,M,2006-08-16,myspwd,PES0000000001,PES2UG22CS033@pes.edu
PES2UG22CS034,George,Ritter,M,2005-07-17,myspwd,PES0000000001,PES2UG22CS034@pes.edu
PES2UG22CS035,John,Barrett,M,2005-04-25,myspwd,PES0000000001,PES2UG22CS035@pes.edu
PES2UG22CS036,Brittany,Gomez,M,2006-06-15,myspwd,PES0000000001,PES2UG22CS036@pes.edu
PES2UG22CS037,Elizabeth,Rivera,M,2004-07-06,myspwd,PES0000000001,PES2UG22CS037@pes.edu
PES2UG22CS038,Ryan,Cook,M,2005-06-18,myspwd,PES0000000001,PES2UG22CS038@pes.edu
PES2UG22CS039,Amanda,Park,M,2004-10-22,myspwd,PES0000000001,PES2UG22CS039@pes.edu
PES2UG22CS040,Natalie,Pugh,M,2004-10-11,myspwd,PES0000000001,PES2UG22CS040@pes.edu
PES2UG22CS041,Lori,Mccullough,M,2003-12-28,myspwd,PES0000000001,PES2UG22CS041@pes.edu
PES2UG22CS042,Lori,Ellis,M,2005-07-25,myspwd,PES0000000001,PES2UG22CS042@pes.edu
PES2UG22CS043,Christopher,Richmond,M,2003-11-27,myspwd,PES0000000001,PES2UG22CS043@pes.edu
PES2UG22CS044,Joseph,Brown,M,2005-12-08,myspwd,PES0000000001,PES2UG22CS044@pes.edu
PES2UG22CS045,James,Jackson,M,2005-01-05,myspwd,PES0000000001,PES2UG22CS045@pes.edu
PES2UG22CS046,George,Smith,M,2006-06-23,myspwd,PES0000000001,PES2UG22CS046@pes.edu
PES2UG22CS047,Tracey,Mccoy,M,2004-06-01,myspwd,PES0000000001,PES2UG22CS047@pes.edu
PES2UG22CS048,Benjamin,Phelps,M,2006-02-14,myspwd,PES0000000001,PES2UG22CS048@pes.edu
PES2UG22CS049,Thomas,Thomas,M,2005-07-05,myspwd,PES0000000001,PES2UG22CS049@pes.edu
PES2UG22CS050,Jason,Chavez,M,2004-06-27,myspwd,PES0000000001,PES2UG22CS050@pes.edu
PES2UG22CS051,Danielle,Jones,F,2005-07-29,myspwd,PES0000000001,PES2UG22CS051@pes.edu
PES2UG22CS052,Kelly,Lin,F,2004-11-15,myspwd,PES0000000001,PES2UG22CS052@pes.edu
PES2UG22CS053,Charles,Williamson,F,2005-01-18,myspwd,PES0000000001,PES2UG22CS053@pes.edu
PES2UG22CS054,Timothy,Hayden,F,2006-09-13,myspwd,PES0000000001,PES2UG22CS054@pes.edu
PES2UG22CS055,Taylor,Copeland,F,2004-01-15,myspwd,PES0000000001,PES2UG22CS055@pes.edu
PES2UG22CS056,Kathryn,Walker,F,2004-05-10,myspwd,PES0000000001,PES2UG22CS056@pes.edu
PES2UG22CS057,Victor,Johnson,F,2006-04-04,myspwd,PES0000000001,PES2UG22CS057@pes.edu
PES2UG22CS058,Anthony,Russell,F,2005-03-21,myspwd,PES0000000001,PES2UG22CS058@pes.edu
PES2UG22CS059,Laura,Duffy,F,2004-03-04,myspwd,PES0000000001,PES2UG22CS059@pes.edu
PES2UG22CS060,Katherine,Aguilar,F,2006-06-06,myspwd,PES0000000001,PES2UG22CS060@pes.edu
PES2UG22CS061,Brian,Adams,F,2006-07-11,myspwd,PES0000000001,PES2UG22CS061@pes.edu
PES2UG22CS062,Justin,Hill,F,2003-12-07,myspwd,PES0000000001,PES2UG22CS062@pes.edu
PES2UG22CS063,Laura,Shaw,F,2004-09-17,myspwd,PES0000000001,PES2UG22CS063@pes.edu
PES2UG22CS064,Kristin,Patterson,F,2006-04-03,myspwd,PES0000000001,PES2UG22CS064@pes.edu
PES2UG22CS065,Melanie,Ross,F,2003-11-17,myspwd,PES0000000001,PES2UG22CS065@pes.edu
PES2UG22CS066,Christina,Moore,F,2006-05-13,myspwd,PES0000000001,PES2UG22CS066@pes.edu
PES2UG22CS067,Linda,Sanchez,F,2006-10-05,myspwd,PES0000000001,PES2UG22CS067@pes.edu
PES2UG22CS068,Michael,Ross,F,2004-02-14,myspwd,PES0000000001,PES2UG22CS068@pes.edu
PES2UG22CS069,Brandon,Fuentes,F,2005-06-15,myspwd,PES0000000001,PES2UG22CS069@pes.edu
PES2UG22CS070,Cheryl,Clark,F,2006-05-07,myspwd,PES0000000001,PES2UG22CS070@pes.edu
PES2UG22CS071,Victor,Davis,F,2006-03-03,myspwd,PES0000000001,PES2UG22CS071@pes.edu
PES2UG22CS072,Timothy,Johnson,F,2005-06-22,myspwd,PES0000000001,PES2UG22CS072@pes.edu
PES2UG22CS073,Gary,Gross,F,2005-02-03,myspwd,PES0000000001,PES2UG22CS073@pes.edu
PES2UG22CS074,Jane,Good,F,2005-06-14,myspwd,PES0000000001,PES2UG22CS074@pes.edu
PES2UG22CS075,Yvonne,Watts,F,2004-12-21,myspwd,PES0000000001,PES2UG22CS075@pes.edu
PES2UG22CS076,Devin,Lewis,F,2005-06-21,myspwd,PES0000000001,PES2UG22CS076@pes.edu
PES2UG22CS077,Tanya,Travis,F,2005-04-26,myspwd,PES0000000001,PES2UG22CS077@pes.edu
PES2UG22CS078,Elizabeth,Warren,F,2006-03-17,myspwd,PES0000000001,PES2UG22CS078@pes.edu
PES2UG22CS079,James,Espinoza,F,2006-09-23,myspwd,PES0000000001,PES2UG22CS079@pes.edu
PES2UG22CS080,Donna,Wolf,F,2005-01-10,myspwd,PES0000000001,PES2UG22CS080@pes.edu
PES2UG22CS081,Trevor,Smith,F,2004-07-13,myspwd,PES0000000001,PES2UG22CS081@pes.edu
PES2UG22CS082,Jeanette,Shaffer,F,2003-12-03,myspwd,PES0000000001,PES2UG22CS082@pes.edu
PES2UG22CS083,Sara,Williams,F,2003-11-21,myspwd,PES0000000001,PES2UG22CS083@pes.edu
PES2UG22CS084,David,Johnson,F,2006-01-26,myspwd,PES0000000001,PES2UG22CS084@pes.edu
PES2UG22CS085,Charles,Terry,F,2005-01-22,myspwd,PES0000000001,PES2UG22CS085@pes.edu
PES2UG22CS086,Amy,Alvarez,F,2003-12-22,myspwd,PES0000000001,PES2UG22CS086@pes.edu
PES2UG22CS087,Ashley,Carter,F,2005-10-18,myspwd,PES0000000001,PES2UG22CS087@pes.edu
PES2UG22CS088,John,Taylor,F,2004-09-28,myspwd,PES0000000001,PES2UG22CS088@pes.edu
PES2UG22CS089,David,Chavez,F,2004-08-17,myspwd,PES0000000001,PES2UG22CS089@pes.edu
PES2UG22CS090,Courtney,Hopkins,F,2006-06-17,myspwd,PES0000000001,PES2UG22CS090@pes.edu
PES2UG22CS091,Charles,Garza,F,2006-03-10,myspwd,PES0000000001,PES2UG22CS091@pes.edu
PES2UG22CS092,Jennifer,Hamilton,F,2004-01-06,myspwd,PES0000000001,PES2UG22CS092@pes.edu
PES2UG22CS093,Hayley,Simpson,F,2006-08-21,myspwd,PES0000000001,PES2UG22CS093@pes.edu
PES2UG22CS094,Jerry,Arnold,F,2004-09-28,myspwd,PES0000000001,PES2UG22CS094@pes.edu
PES2UG22CS095,Connie,Lee,F,2006-05-14,myspwd,PES0000000001,PES2UG22CS095@pes.edu
PES2UG22CS096,Bridget,Arroyo,F,2004-05-20,myspwd,PES0000000001,PES2UG22CS096@pes.edu
PES2UG22CS097,Deborah,Holt,F,2006-04-12,myspwd,PES0000000001,PES2UG22CS097@pes.edu
PES2UG22CS098,Katherine,Wilson,F,2004-10-08,myspwd,PES0000000001,PES2UG22CS098@pes.edu
PES2UG22CS099,Andrew,Jackson,F,2005-06-07,myspwd,PES0000000001,PES2UG22CS099@pes.edu
PES2UG22CS100,Matthew,Hill,F,2006-07-18,myspwd,PES0000000001,PES2UG22CS100@pes.edu
PES2UG22CS101,John,Hudson,O,2004-08-20,myspwd,PES0000000001,PES2UG22CS101@pes.edu
PES2UG22CS102,Thomas,Blair,O,2005-05-20,myspwd,PES0000000001,PES2UG22CS102@pes.edu
PES2UG22CS103,Stephanie,Mason,O,2005-01-02,myspwd,PES0000000001,PES2UG22CS103@pes.edu
PES2UG22CS104,Angela,Brown,O,2006-01-24,myspwd,PES0000000001,PES2UG22CS104@pes.edu
PES2UG22CS105,Bradley,Weaver,O,2005-11-13,myspwd,PES0000000001,PES2UG22CS105@pes.edu
PES2UG22CS106,Brett,Delgado,O,2004-04-25,myspwd,PES0000000001,PES2UG22CS106@pes.edu
PES2UG22CS107,Kevin,Caldwell,O,2005-07-30,myspwd,PES0000000001,PES2UG22CS107@pes.edu
PES2UG22CS108,Tracey,Barber,O,2004-12-10,myspwd,PES0000000001,PES2UG22CS108@pes.edu
PES2UG22CS109,Grant,Luna,O,2005-12-24,myspwd,PES0000000001,PES2UG22CS109@pes.edu
PES2UG22CS110,Amber,Stanley,O,2003-11-24,myspwd,PES0000000001,PES2UG22CS110@pes.edu
PES2UG22CS111,Shawn,Foster,O,2006-08-29,myspwd,PES0000000001,PES2UG22CS111@pes.edu
PES2UG22CS112,Tina,Bell,O,2005-02-09,myspwd,PES0000000001,PES2UG22CS112@pes.edu
PES2UG22CS113,Brittany,Johnson,O,2005-11-13,myspwd,PES0000000001,PES2UG22CS113@pes.edu
PES2UG22CS114,Kathryn,Lucas,O,2004-05-01,myspwd,PES0000000001,PES2UG22CS114@pes.edu
PES2UG22CS115,William,Dean,O,2006-08-09,myspwd,PES0000000001,PES2UG22CS115@pes.edu
PES2UG22CS116,Cassandra,Brown,O,2006-08-19,myspwd,PES0000000001,PES2UG22CS116@pes.edu
PES2UG22CS117,Kevin,Sanders,O,2006-03-28,myspwd,PES0000000001,PES2UG22CS117@pes.edu
PES2UG22CS118,Johnny,Stevenson,O,2006-03-14,myspwd,PES0000000001,PES2UG22CS118@pes.edu
PES2UG22CS119,Michael,Austin,O,2005-07-11,myspwd,PES0000000001,PES2UG22CS119@pes.edu
PES2UG22CS120,Joanna,Robertson,O,2005-03-10,myspwd,PES0000000001,PES2UG22CS120@pes.edu
PES2UG22CS121,Anthony,Case,O,2005-10-03,myspwd,PES0000000001,PES2UG22CS121@pes.edu
PES2UG22CS122,Michaela,Barnett,O,2004-06-03,myspwd,PES0000000001,PES2UG22CS122@pes.edu
PES2UG22CS123,Tamara,Sawyer,O,2004-01-12,myspwd,PES0000000001,PES2UG22CS123@pes.edu
PES2UG22CS124,Cynthia,Bass,O,2006-04-30,myspwd,PES0000000001,PES2UG22CS124@pes.edu
PES2UG22CS125,Stephanie,Vasquez,O,2004-07-12,myspwd,PES0000000001,PES2UG22CS125@pes.edu
PES2UG22CS126,Timothy,Matthews,O,2005-08-18,myspwd,PES0000000001,PES2UG22CS126@pes.edu
PES2UG22CS127,Michele,Chen,O,2004-07-03,myspwd,PES0000000001,PES2UG22CS127@pes.edu
PES2UG22CS128,Maria,Park,O,2006-02-21,myspwd,PES0000000001,PES2UG22CS128@pes.edu
PES2UG22CS129,Ashlee,Rose,O,2004-02-27,myspwd,PES0000000001,PES2UG22CS129@pes.edu
PES2UG22CS130,Cody,Mooney,O,2006-05-16,myspwd,PES0000000001,PES2UG22CS130@pes.edu
PES2UG22CS131,Christopher,Curtis,O,2004-09-22,myspwd,PES0000000001,PES2UG22CS131@pes.edu
PES2UG22CS132,John,Miles,O,2003-12-09,myspwd,PES0000000001,PES2UG22CS132@pes.edu
PES2UG22CS133,Jennifer,Sanchez,O,2005-04-22,myspwd,PES0000000001,PES2UG22CS133@pes.edu
PES2UG22CS134,David,Leon,O,2006-05-04,myspwd,PES0000000001,PES2UG22CS134@pes.edu
PES2UG22CS135,Robert,Brandt,O,2006-08-22,myspwd,PES0000000001,PES2UG22CS135@pes.edu
PES2UG22CS136,Jodi,Hogan,O,2004-05-26,myspwd,PES0000000001,PES2UG22CS136@pes.edu
PES2UG22CS137,Toni,Wheeler,O,2005-09-21,myspwd,PES0000000001,PES2UG22CS137@pes.edu
PES2UG22CS138,Kelly,Gibson,O,2005-03-16,myspwd,PES0000000001,PES2UG22CS138@pes.edu
PES2UG22CS139,Krystal,Collins,O,2004-06-15,myspwd,PES0000000001,PES2UG22CS139@pes.edu
PES2UG22CS140,Amanda,Bryan,O,2005-11-06,myspwd,PES0000000001,PES2UG22CS140@pes.edu
PES2UG22CS141,Brandi,Dominguez,O,2004-03-25,myspwd,PES0000000001,PES2UG22CS141@pes.edu
PES2UG22CS142,Kimberly,Johnson,O,2004-02-26,myspwd,PES0000000001,PES2UG22CS142@pes.edu
PES2UG22CS143,Thomas,Roach,O,2006-02-24,myspwd,PES0000000001,PES2UG22CS143@pes.edu
PES2UG22CS144,Paul,Salazar,O,2006-09-26,myspwd,PES0000000001,PES2UG22CS144@pes.edu
PES2UG22CS145,Thomas,Hunter,O,2005-05-22,myspwd,PES0000000001,PES2UG22CS145@pes.edu
PES2UG22CS146,Angela,Ward,O,2003-11-25,myspwd,PES0000000001,PES2UG22CS146@pes.edu
PES2UG22CS147,Christopher,Young,O,2005-01-04,myspwd,PES0000000001,PES2UG22CS147@pes.edu
PES2UG22CS148,Robert,Hunt,O,2006-03-07,myspwd,PES0000000001,PES2UG22CS148@pes.edu
PES2UG22CS149,Samantha,Stephens,O,2005-05-27,myspwd,PES0000000001,PES2UG22CS149@pes.edu
PES2UG22CS150,Michael,Adams,O,2004-03-02,myspwd,PES0000000001,PES2UG22CS150@pes.edu
